no,skin-type,umur,masalah,label
1,normal,40,jerawat,normal-jerawat
2,normal,36,jerawat,normal-jerawat
3,normal,21,jerawat,normal-jerawat
4,normal,37,jerawat,normal-jerawat
5,normal,39,jerawat,normal-jerawat
6,normal,43,jerawat,normal-jerawat
7,normal,40,jerawat,normal-jerawat
8,normal,28,jerawat,normal-jerawat
9,normal,16,jerawat,normal-jerawat
10,normal,31,jerawat,normal-jerawat
11,normal,20,jerawat,normal-jerawat
12,normal,43,jerawat,normal-jerawat
13,normal,29,jerawat,normal-jerawat
14,normal,13,jerawat,normal-jerawat
15,normal,18,jerawat,normal-jerawat
16,normal,22,jerawat,normal-jerawat
17,normal,16,jerawat,normal-jerawat
18,normal,44,jerawat,normal-jerawat
19,normal,16,jerawat,normal-jerawat
20,normal,45,jerawat,normal-jerawat
21,normal,50,jerawat,normal-jerawat
22,normal,44,jerawat,normal-jerawat
23,normal,24,jerawat,normal-jerawat
24,normal,16,jerawat,normal-jerawat
25,normal,17,jerawat,normal-jerawat
26,normal,42,jerawat,normal-jerawat
27,normal,21,jerawat,normal-jerawat
28,normal,24,jerawat,normal-jerawat
29,normal,16,jerawat,normal-jerawat
30,normal,49,jerawat,normal-jerawat
31,normal,19,jerawat,normal-jerawat
32,normal,33,jerawat,normal-jerawat
33,normal,18,jerawat,normal-jerawat
34,normal,17,jerawat,normal-jerawat
35,normal,22,jerawat,normal-jerawat
36,normal,35,jerawat,normal-jerawat
37,normal,39,jerawat,normal-jerawat
38,normal,29,jerawat,normal-jerawat
39,normal,15,jerawat,normal-jerawat
40,normal,39,jerawat,normal-jerawat
41,normal,42,jerawat,normal-jerawat
42,normal,30,jerawat,normal-jerawat
43,normal,48,jerawat,normal-jerawat
44,normal,18,jerawat,normal-jerawat
45,normal,49,jerawat,normal-jerawat
46,normal,32,jerawat,normal-jerawat
47,normal,17,jerawat,normal-jerawat
48,normal,47,jerawat,normal-jerawat
49,normal,46,jerawat,normal-jerawat
50,normal,32,jerawat,normal-jerawat
51,normal,27,jerawat,normal-jerawat
52,normal,32,jerawat,normal-jerawat
53,normal,47,jerawat,normal-jerawat
54,normal,15,jerawat,normal-jerawat
55,normal,41,jerawat,normal-jerawat
56,normal,29,jerawat,normal-jerawat
57,normal,33,jerawat,normal-jerawat
58,normal,48,jerawat,normal-jerawat
59,normal,37,jerawat,normal-jerawat
60,normal,46,jerawat,normal-jerawat
61,normal,42,jerawat,normal-jerawat
62,normal,25,jerawat,normal-jerawat
63,normal,38,jerawat,normal-jerawat
64,normal,49,jerawat,normal-jerawat
65,normal,40,jerawat,normal-jerawat
66,normal,42,jerawat,normal-jerawat
67,normal,41,jerawat,normal-jerawat
68,normal,39,jerawat,normal-jerawat
69,normal,24,jerawat,normal-jerawat
70,normal,36,jerawat,normal-jerawat
71,normal,48,jerawat,normal-jerawat
72,normal,13,jerawat,normal-jerawat
73,normal,18,jerawat,normal-jerawat
74,normal,44,jerawat,normal-jerawat
75,normal,20,jerawat,normal-jerawat
76,normal,49,jerawat,normal-jerawat
77,normal,34,jerawat,normal-jerawat
78,normal,42,jerawat,normal-jerawat
79,normal,42,jerawat,normal-jerawat
80,normal,41,jerawat,normal-jerawat
81,normal,46,jerawat,normal-jerawat
82,normal,47,jerawat,normal-jerawat
83,normal,38,jerawat,normal-jerawat
84,normal,23,jerawat,normal-jerawat
85,normal,24,jerawat,normal-jerawat
86,normal,44,jerawat,normal-jerawat
87,normal,14,jerawat,normal-jerawat
88,normal,49,jerawat,normal-jerawat
89,normal,44,jerawat,normal-jerawat
90,normal,49,jerawat,normal-jerawat
91,normal,41,jerawat,normal-jerawat
92,normal,22,jerawat,normal-jerawat
93,normal,34,jerawat,normal-jerawat
94,normal,22,jerawat,normal-jerawat
95,normal,30,jerawat,normal-jerawat
96,normal,42,jerawat,normal-jerawat
97,normal,49,jerawat,normal-jerawat
98,normal,22,jerawat,normal-jerawat
99,normal,27,jerawat,normal-jerawat
100,normal,24,jerawat,normal-jerawat
101,normal,29,komedo,normal-komedo
102,normal,13,komedo,normal-komedo
103,normal,41,komedo,normal-komedo
104,normal,49,komedo,normal-komedo
105,normal,29,komedo,normal-komedo
106,normal,45,komedo,normal-komedo
107,normal,38,komedo,normal-komedo
108,normal,18,komedo,normal-komedo
109,normal,45,komedo,normal-komedo
110,normal,23,komedo,normal-komedo
111,normal,22,komedo,normal-komedo
112,normal,24,komedo,normal-komedo
113,normal,27,komedo,normal-komedo
114,normal,39,komedo,normal-komedo
115,normal,25,komedo,normal-komedo
116,normal,38,komedo,normal-komedo
117,normal,44,komedo,normal-komedo
118,normal,26,komedo,normal-komedo
119,normal,15,komedo,normal-komedo
120,normal,41,komedo,normal-komedo
121,normal,23,komedo,normal-komedo
122,normal,40,komedo,normal-komedo
123,normal,36,komedo,normal-komedo
124,normal,40,komedo,normal-komedo
125,normal,15,komedo,normal-komedo
126,normal,19,komedo,normal-komedo
127,normal,34,komedo,normal-komedo
128,normal,26,komedo,normal-komedo
129,normal,16,komedo,normal-komedo
130,normal,34,komedo,normal-komedo
131,normal,43,komedo,normal-komedo
132,normal,25,komedo,normal-komedo
133,normal,48,komedo,normal-komedo
134,normal,31,komedo,normal-komedo
135,normal,29,komedo,normal-komedo
136,normal,46,komedo,normal-komedo
137,normal,45,komedo,normal-komedo
138,normal,18,komedo,normal-komedo
139,normal,31,komedo,normal-komedo
140,normal,43,komedo,normal-komedo
141,normal,50,komedo,normal-komedo
142,normal,40,komedo,normal-komedo
143,normal,31,komedo,normal-komedo
144,normal,50,komedo,normal-komedo
145,normal,18,komedo,normal-komedo
146,normal,21,komedo,normal-komedo
147,normal,48,komedo,normal-komedo
148,normal,31,komedo,normal-komedo
149,normal,24,komedo,normal-komedo
150,normal,47,komedo,normal-komedo
151,normal,14,komedo,normal-komedo
152,normal,18,komedo,normal-komedo
153,normal,26,komedo,normal-komedo
154,normal,25,komedo,normal-komedo
155,normal,45,komedo,normal-komedo
156,normal,41,komedo,normal-komedo
157,normal,16,komedo,normal-komedo
158,normal,21,komedo,normal-komedo
159,normal,39,komedo,normal-komedo
160,normal,34,komedo,normal-komedo
161,normal,29,komedo,normal-komedo
162,normal,48,komedo,normal-komedo
163,normal,50,komedo,normal-komedo
164,normal,17,komedo,normal-komedo
165,normal,41,komedo,normal-komedo
166,normal,21,komedo,normal-komedo
167,normal,44,komedo,normal-komedo
168,normal,16,komedo,normal-komedo
169,normal,45,komedo,normal-komedo
170,normal,44,komedo,normal-komedo
171,normal,17,komedo,normal-komedo
172,normal,26,komedo,normal-komedo
173,normal,47,komedo,normal-komedo
174,normal,31,komedo,normal-komedo
175,normal,39,komedo,normal-komedo
176,normal,45,komedo,normal-komedo
177,normal,27,komedo,normal-komedo
178,normal,47,komedo,normal-komedo
179,normal,16,komedo,normal-komedo
180,normal,27,komedo,normal-komedo
181,normal,30,komedo,normal-komedo
182,normal,33,komedo,normal-komedo
183,normal,37,komedo,normal-komedo
184,normal,41,komedo,normal-komedo
185,normal,31,komedo,normal-komedo
186,normal,49,komedo,normal-komedo
187,normal,20,komedo,normal-komedo
188,normal,32,komedo,normal-komedo
189,normal,31,komedo,normal-komedo
190,normal,23,komedo,normal-komedo
191,normal,21,komedo,normal-komedo
192,normal,25,komedo,normal-komedo
193,normal,45,komedo,normal-komedo
194,normal,46,komedo,normal-komedo
195,normal,29,komedo,normal-komedo
196,normal,30,komedo,normal-komedo
197,normal,31,komedo,normal-komedo
198,normal,42,komedo,normal-komedo
199,normal,31,komedo,normal-komedo
200,normal,40,komedo,normal-komedo
201,normal,25,bopeng,normal-bopeng
202,normal,43,bopeng,normal-bopeng
203,normal,41,bopeng,normal-bopeng
204,normal,42,bopeng,normal-bopeng
205,normal,33,bopeng,normal-bopeng
206,normal,47,bopeng,normal-bopeng
207,normal,47,bopeng,normal-bopeng
208,normal,32,bopeng,normal-bopeng
209,normal,47,bopeng,normal-bopeng
210,normal,47,bopeng,normal-bopeng
211,normal,31,bopeng,normal-bopeng
212,normal,24,bopeng,normal-bopeng
213,normal,18,bopeng,normal-bopeng
214,normal,44,bopeng,normal-bopeng
215,normal,27,bopeng,normal-bopeng
216,normal,37,bopeng,normal-bopeng
217,normal,13,bopeng,normal-bopeng
218,normal,42,bopeng,normal-bopeng
219,normal,23,bopeng,normal-bopeng
220,normal,50,bopeng,normal-bopeng
221,normal,44,bopeng,normal-bopeng
222,normal,50,bopeng,normal-bopeng
223,normal,23,bopeng,normal-bopeng
224,normal,17,bopeng,normal-bopeng
225,normal,40,bopeng,normal-bopeng
226,normal,33,bopeng,normal-bopeng
227,normal,14,bopeng,normal-bopeng
228,normal,42,bopeng,normal-bopeng
229,normal,50,bopeng,normal-bopeng
230,normal,40,bopeng,normal-bopeng
231,normal,42,bopeng,normal-bopeng
232,normal,36,bopeng,normal-bopeng
233,normal,25,bopeng,normal-bopeng
234,normal,35,bopeng,normal-bopeng
235,normal,33,bopeng,normal-bopeng
236,normal,26,bopeng,normal-bopeng
237,normal,22,bopeng,normal-bopeng
238,normal,25,bopeng,normal-bopeng
239,normal,44,bopeng,normal-bopeng
240,normal,33,bopeng,normal-bopeng
241,normal,36,bopeng,normal-bopeng
242,normal,21,bopeng,normal-bopeng
243,normal,17,bopeng,normal-bopeng
244,normal,34,bopeng,normal-bopeng
245,normal,33,bopeng,normal-bopeng
246,normal,48,bopeng,normal-bopeng
247,normal,25,bopeng,normal-bopeng
248,normal,20,bopeng,normal-bopeng
249,normal,28,bopeng,normal-bopeng
250,normal,22,bopeng,normal-bopeng
251,normal,43,bopeng,normal-bopeng
252,normal,16,bopeng,normal-bopeng
253,normal,43,bopeng,normal-bopeng
254,normal,22,bopeng,normal-bopeng
255,normal,29,bopeng,normal-bopeng
256,normal,48,bopeng,normal-bopeng
257,normal,47,bopeng,normal-bopeng
258,normal,20,bopeng,normal-bopeng
259,normal,41,bopeng,normal-bopeng
260,normal,41,bopeng,normal-bopeng
261,normal,32,bopeng,normal-bopeng
262,normal,24,bopeng,normal-bopeng
263,normal,21,bopeng,normal-bopeng
264,normal,30,bopeng,normal-bopeng
265,normal,47,bopeng,normal-bopeng
266,normal,14,bopeng,normal-bopeng
267,normal,31,bopeng,normal-bopeng
268,normal,25,bopeng,normal-bopeng
269,normal,41,bopeng,normal-bopeng
270,normal,48,bopeng,normal-bopeng
271,normal,13,bopeng,normal-bopeng
272,normal,44,bopeng,normal-bopeng
273,normal,18,bopeng,normal-bopeng
274,normal,37,bopeng,normal-bopeng
275,normal,41,bopeng,normal-bopeng
276,normal,48,bopeng,normal-bopeng
277,normal,47,bopeng,normal-bopeng
278,normal,20,bopeng,normal-bopeng
279,normal,14,bopeng,normal-bopeng
280,normal,35,bopeng,normal-bopeng
281,normal,46,bopeng,normal-bopeng
282,normal,38,bopeng,normal-bopeng
283,normal,41,bopeng,normal-bopeng
284,normal,23,bopeng,normal-bopeng
285,normal,30,bopeng,normal-bopeng
286,normal,50,bopeng,normal-bopeng
287,normal,25,bopeng,normal-bopeng
288,normal,23,bopeng,normal-bopeng
289,normal,15,bopeng,normal-bopeng
290,normal,19,bopeng,normal-bopeng
291,normal,49,bopeng,normal-bopeng
292,normal,16,bopeng,normal-bopeng
293,normal,41,bopeng,normal-bopeng
294,normal,29,bopeng,normal-bopeng
295,normal,49,bopeng,normal-bopeng
296,normal,24,bopeng,normal-bopeng
297,normal,27,bopeng,normal-bopeng
298,normal,33,bopeng,normal-bopeng
299,normal,24,bopeng,normal-bopeng
300,normal,18,bopeng,normal-bopeng
301,berminyak,18,jerawat,berminyak-jerawat
302,berminyak,22,jerawat,berminyak-jerawat
303,berminyak,19,jerawat,berminyak-jerawat
304,berminyak,28,jerawat,berminyak-jerawat
305,berminyak,45,jerawat,berminyak-jerawat
306,berminyak,32,jerawat,berminyak-jerawat
307,berminyak,45,jerawat,berminyak-jerawat
308,berminyak,14,jerawat,berminyak-jerawat
309,berminyak,26,jerawat,berminyak-jerawat
310,berminyak,28,jerawat,berminyak-jerawat
311,berminyak,39,jerawat,berminyak-jerawat
312,berminyak,14,jerawat,berminyak-jerawat
313,berminyak,15,jerawat,berminyak-jerawat
314,berminyak,47,jerawat,berminyak-jerawat
315,berminyak,17,jerawat,berminyak-jerawat
316,berminyak,15,jerawat,berminyak-jerawat
317,berminyak,47,jerawat,berminyak-jerawat
318,berminyak,46,jerawat,berminyak-jerawat
319,berminyak,37,jerawat,berminyak-jerawat
320,berminyak,38,jerawat,berminyak-jerawat
321,berminyak,22,jerawat,berminyak-jerawat
322,berminyak,44,jerawat,berminyak-jerawat
323,berminyak,37,jerawat,berminyak-jerawat
324,berminyak,33,jerawat,berminyak-jerawat
325,berminyak,30,jerawat,berminyak-jerawat
326,berminyak,46,jerawat,berminyak-jerawat
327,berminyak,35,jerawat,berminyak-jerawat
328,berminyak,16,jerawat,berminyak-jerawat
329,berminyak,31,jerawat,berminyak-jerawat
330,berminyak,28,jerawat,berminyak-jerawat
331,berminyak,37,jerawat,berminyak-jerawat
332,berminyak,39,jerawat,berminyak-jerawat
333,berminyak,17,jerawat,berminyak-jerawat
334,berminyak,31,jerawat,berminyak-jerawat
335,berminyak,43,jerawat,berminyak-jerawat
336,berminyak,29,jerawat,berminyak-jerawat
337,berminyak,49,jerawat,berminyak-jerawat
338,berminyak,17,jerawat,berminyak-jerawat
339,berminyak,30,jerawat,berminyak-jerawat
340,berminyak,14,jerawat,berminyak-jerawat
341,berminyak,47,jerawat,berminyak-jerawat
342,berminyak,49,jerawat,berminyak-jerawat
343,berminyak,34,jerawat,berminyak-jerawat
344,berminyak,17,jerawat,berminyak-jerawat
345,berminyak,15,jerawat,berminyak-jerawat
346,berminyak,27,jerawat,berminyak-jerawat
347,berminyak,35,jerawat,berminyak-jerawat
348,berminyak,17,jerawat,berminyak-jerawat
349,berminyak,24,jerawat,berminyak-jerawat
350,berminyak,37,jerawat,berminyak-jerawat
351,berminyak,28,jerawat,berminyak-jerawat
352,berminyak,21,jerawat,berminyak-jerawat
353,berminyak,41,jerawat,berminyak-jerawat
354,berminyak,50,jerawat,berminyak-jerawat
355,berminyak,21,jerawat,berminyak-jerawat
356,berminyak,16,jerawat,berminyak-jerawat
357,berminyak,16,jerawat,berminyak-jerawat
358,berminyak,46,jerawat,berminyak-jerawat
359,berminyak,21,jerawat,berminyak-jerawat
360,berminyak,45,jerawat,berminyak-jerawat
361,berminyak,20,jerawat,berminyak-jerawat
362,berminyak,33,jerawat,berminyak-jerawat
363,berminyak,33,jerawat,berminyak-jerawat
364,berminyak,13,jerawat,berminyak-jerawat
365,berminyak,31,jerawat,berminyak-jerawat
366,berminyak,30,jerawat,berminyak-jerawat
367,berminyak,15,jerawat,berminyak-jerawat
368,berminyak,28,jerawat,berminyak-jerawat
369,berminyak,14,jerawat,berminyak-jerawat
370,berminyak,46,jerawat,berminyak-jerawat
371,berminyak,33,jerawat,berminyak-jerawat
372,berminyak,30,jerawat,berminyak-jerawat
373,berminyak,49,jerawat,berminyak-jerawat
374,berminyak,44,jerawat,berminyak-jerawat
375,berminyak,40,jerawat,berminyak-jerawat
376,berminyak,21,jerawat,berminyak-jerawat
377,berminyak,38,jerawat,berminyak-jerawat
378,berminyak,28,jerawat,berminyak-jerawat
379,berminyak,42,jerawat,berminyak-jerawat
380,berminyak,30,jerawat,berminyak-jerawat
381,berminyak,46,jerawat,berminyak-jerawat
382,berminyak,30,jerawat,berminyak-jerawat
383,berminyak,29,jerawat,berminyak-jerawat
384,berminyak,31,jerawat,berminyak-jerawat
385,berminyak,16,jerawat,berminyak-jerawat
386,berminyak,29,jerawat,berminyak-jerawat
387,berminyak,25,jerawat,berminyak-jerawat
388,berminyak,38,jerawat,berminyak-jerawat
389,berminyak,43,jerawat,berminyak-jerawat
390,berminyak,38,jerawat,berminyak-jerawat
391,berminyak,44,jerawat,berminyak-jerawat
392,berminyak,36,jerawat,berminyak-jerawat
393,berminyak,31,jerawat,berminyak-jerawat
394,berminyak,21,jerawat,berminyak-jerawat
395,berminyak,20,jerawat,berminyak-jerawat
396,berminyak,50,jerawat,berminyak-jerawat
397,berminyak,16,jerawat,berminyak-jerawat
398,berminyak,35,jerawat,berminyak-jerawat
399,berminyak,47,jerawat,berminyak-jerawat
400,berminyak,40,jerawat,berminyak-jerawat
401,berminyak,39,komedo,berminyak-komedo
402,berminyak,28,komedo,berminyak-komedo
403,berminyak,30,komedo,berminyak-komedo
404,berminyak,30,komedo,berminyak-komedo
405,berminyak,40,komedo,berminyak-komedo
406,berminyak,44,komedo,berminyak-komedo
407,berminyak,44,komedo,berminyak-komedo
408,berminyak,30,komedo,berminyak-komedo
409,berminyak,46,komedo,berminyak-komedo
410,berminyak,35,komedo,berminyak-komedo
411,berminyak,28,komedo,berminyak-komedo
412,berminyak,48,komedo,berminyak-komedo
413,berminyak,33,komedo,berminyak-komedo
414,berminyak,34,komedo,berminyak-komedo
415,berminyak,19,komedo,berminyak-komedo
416,berminyak,34,komedo,berminyak-komedo
417,berminyak,28,komedo,berminyak-komedo
418,berminyak,40,komedo,berminyak-komedo
419,berminyak,14,komedo,berminyak-komedo
420,berminyak,40,komedo,berminyak-komedo
421,berminyak,37,komedo,berminyak-komedo
422,berminyak,39,komedo,berminyak-komedo
423,berminyak,37,komedo,berminyak-komedo
424,berminyak,13,komedo,berminyak-komedo
425,berminyak,34,komedo,berminyak-komedo
426,berminyak,27,komedo,berminyak-komedo
427,berminyak,44,komedo,berminyak-komedo
428,berminyak,32,komedo,berminyak-komedo
429,berminyak,38,komedo,berminyak-komedo
430,berminyak,21,komedo,berminyak-komedo
431,berminyak,28,komedo,berminyak-komedo
432,berminyak,25,komedo,berminyak-komedo
433,berminyak,30,komedo,berminyak-komedo
434,berminyak,13,komedo,berminyak-komedo
435,berminyak,43,komedo,berminyak-komedo
436,berminyak,18,komedo,berminyak-komedo
437,berminyak,21,komedo,berminyak-komedo
438,berminyak,30,komedo,berminyak-komedo
439,berminyak,32,komedo,berminyak-komedo
440,berminyak,37,komedo,berminyak-komedo
441,berminyak,37,komedo,berminyak-komedo
442,berminyak,39,komedo,berminyak-komedo
443,berminyak,13,komedo,berminyak-komedo
444,berminyak,46,komedo,berminyak-komedo
445,berminyak,23,komedo,berminyak-komedo
446,berminyak,23,komedo,berminyak-komedo
447,berminyak,30,komedo,berminyak-komedo
448,berminyak,34,komedo,berminyak-komedo
449,berminyak,13,komedo,berminyak-komedo
450,berminyak,25,komedo,berminyak-komedo
451,berminyak,19,komedo,berminyak-komedo
452,berminyak,29,komedo,berminyak-komedo
453,berminyak,18,komedo,berminyak-komedo
454,berminyak,36,komedo,berminyak-komedo
455,berminyak,18,komedo,berminyak-komedo
456,berminyak,48,komedo,berminyak-komedo
457,berminyak,20,komedo,berminyak-komedo
458,berminyak,47,komedo,berminyak-komedo
459,berminyak,49,komedo,berminyak-komedo
460,berminyak,47,komedo,berminyak-komedo
461,berminyak,25,komedo,berminyak-komedo
462,berminyak,17,komedo,berminyak-komedo
463,berminyak,26,komedo,berminyak-komedo
464,berminyak,44,komedo,berminyak-komedo
465,berminyak,16,komedo,berminyak-komedo
466,berminyak,28,komedo,berminyak-komedo
467,berminyak,25,komedo,berminyak-komedo
468,berminyak,23,komedo,berminyak-komedo
469,berminyak,26,komedo,berminyak-komedo
470,berminyak,33,komedo,berminyak-komedo
471,berminyak,35,komedo,berminyak-komedo
472,berminyak,37,komedo,berminyak-komedo
473,berminyak,46,komedo,berminyak-komedo
474,berminyak,38,komedo,berminyak-komedo
475,berminyak,39,komedo,berminyak-komedo
476,berminyak,17,komedo,berminyak-komedo
477,berminyak,24,komedo,berminyak-komedo
478,berminyak,14,komedo,berminyak-komedo
479,berminyak,13,komedo,berminyak-komedo
480,berminyak,17,komedo,berminyak-komedo
481,berminyak,19,komedo,berminyak-komedo
482,berminyak,48,komedo,berminyak-komedo
483,berminyak,13,komedo,berminyak-komedo
484,berminyak,44,komedo,berminyak-komedo
485,berminyak,45,komedo,berminyak-komedo
486,berminyak,49,komedo,berminyak-komedo
487,berminyak,14,komedo,berminyak-komedo
488,berminyak,27,komedo,berminyak-komedo
489,berminyak,22,komedo,berminyak-komedo
490,berminyak,22,komedo,berminyak-komedo
491,berminyak,44,komedo,berminyak-komedo
492,berminyak,25,komedo,berminyak-komedo
493,berminyak,47,komedo,berminyak-komedo
494,berminyak,26,komedo,berminyak-komedo
495,berminyak,21,komedo,berminyak-komedo
496,berminyak,37,komedo,berminyak-komedo
497,berminyak,48,komedo,berminyak-komedo
498,berminyak,35,komedo,berminyak-komedo
499,berminyak,24,komedo,berminyak-komedo
500,berminyak,16,komedo,berminyak-komedo
501,berminyak,19,bopeng,berminyak-bopeng
502,berminyak,29,bopeng,berminyak-bopeng
503,berminyak,46,bopeng,berminyak-bopeng
504,berminyak,49,bopeng,berminyak-bopeng
505,berminyak,41,bopeng,berminyak-bopeng
506,berminyak,41,bopeng,berminyak-bopeng
507,berminyak,24,bopeng,berminyak-bopeng
508,berminyak,21,bopeng,berminyak-bopeng
509,berminyak,17,bopeng,berminyak-bopeng
510,berminyak,50,bopeng,berminyak-bopeng
511,berminyak,43,bopeng,berminyak-bopeng
512,berminyak,25,bopeng,berminyak-bopeng
513,berminyak,19,bopeng,berminyak-bopeng
514,berminyak,50,bopeng,berminyak-bopeng
515,berminyak,19,bopeng,berminyak-bopeng
516,berminyak,31,bopeng,berminyak-bopeng
517,berminyak,31,bopeng,berminyak-bopeng
518,berminyak,42,bopeng,berminyak-bopeng
519,berminyak,31,bopeng,berminyak-bopeng
520,berminyak,42,bopeng,berminyak-bopeng
521,berminyak,41,bopeng,berminyak-bopeng
522,berminyak,28,bopeng,berminyak-bopeng
523,berminyak,18,bopeng,berminyak-bopeng
524,berminyak,43,bopeng,berminyak-bopeng
525,berminyak,46,bopeng,berminyak-bopeng
526,berminyak,20,bopeng,berminyak-bopeng
527,berminyak,18,bopeng,berminyak-bopeng
528,berminyak,34,bopeng,berminyak-bopeng
529,berminyak,34,bopeng,berminyak-bopeng
530,berminyak,20,bopeng,berminyak-bopeng
531,berminyak,49,bopeng,berminyak-bopeng
532,berminyak,35,bopeng,berminyak-bopeng
533,berminyak,32,bopeng,berminyak-bopeng
534,berminyak,27,bopeng,berminyak-bopeng
535,berminyak,17,bopeng,berminyak-bopeng
536,berminyak,33,bopeng,berminyak-bopeng
537,berminyak,17,bopeng,berminyak-bopeng
538,berminyak,18,bopeng,berminyak-bopeng
539,berminyak,35,bopeng,berminyak-bopeng
540,berminyak,46,bopeng,berminyak-bopeng
541,berminyak,47,bopeng,berminyak-bopeng
542,berminyak,30,bopeng,berminyak-bopeng
543,berminyak,41,bopeng,berminyak-bopeng
544,berminyak,45,bopeng,berminyak-bopeng
545,berminyak,39,bopeng,berminyak-bopeng
546,berminyak,34,bopeng,berminyak-bopeng
547,berminyak,40,bopeng,berminyak-bopeng
548,berminyak,17,bopeng,berminyak-bopeng
549,berminyak,13,bopeng,berminyak-bopeng
550,berminyak,36,bopeng,berminyak-bopeng
551,berminyak,42,bopeng,berminyak-bopeng
552,berminyak,23,bopeng,berminyak-bopeng
553,berminyak,47,bopeng,berminyak-bopeng
554,berminyak,13,bopeng,berminyak-bopeng
555,berminyak,49,bopeng,berminyak-bopeng
556,berminyak,19,bopeng,berminyak-bopeng
557,berminyak,25,bopeng,berminyak-bopeng
558,berminyak,34,bopeng,berminyak-bopeng
559,berminyak,27,bopeng,berminyak-bopeng
560,berminyak,31,bopeng,berminyak-bopeng
561,berminyak,46,bopeng,berminyak-bopeng
562,berminyak,42,bopeng,berminyak-bopeng
563,berminyak,27,bopeng,berminyak-bopeng
564,berminyak,43,bopeng,berminyak-bopeng
565,berminyak,47,bopeng,berminyak-bopeng
566,berminyak,16,bopeng,berminyak-bopeng
567,berminyak,15,bopeng,berminyak-bopeng
568,berminyak,39,bopeng,berminyak-bopeng
569,berminyak,27,bopeng,berminyak-bopeng
570,berminyak,42,bopeng,berminyak-bopeng
571,berminyak,50,bopeng,berminyak-bopeng
572,berminyak,38,bopeng,berminyak-bopeng
573,berminyak,22,bopeng,berminyak-bopeng
574,berminyak,13,bopeng,berminyak-bopeng
575,berminyak,45,bopeng,berminyak-bopeng
576,berminyak,23,bopeng,berminyak-bopeng
577,berminyak,26,bopeng,berminyak-bopeng
578,berminyak,27,bopeng,berminyak-bopeng
579,berminyak,39,bopeng,berminyak-bopeng
580,berminyak,41,bopeng,berminyak-bopeng
581,berminyak,22,bopeng,berminyak-bopeng
582,berminyak,44,bopeng,berminyak-bopeng
583,berminyak,14,bopeng,berminyak-bopeng
584,berminyak,35,bopeng,berminyak-bopeng
585,berminyak,30,bopeng,berminyak-bopeng
586,berminyak,38,bopeng,berminyak-bopeng
587,berminyak,50,bopeng,berminyak-bopeng
588,berminyak,33,bopeng,berminyak-bopeng
589,berminyak,22,bopeng,berminyak-bopeng
590,berminyak,31,bopeng,berminyak-bopeng
591,berminyak,46,bopeng,berminyak-bopeng
592,berminyak,26,bopeng,berminyak-bopeng
593,berminyak,19,bopeng,berminyak-bopeng
594,berminyak,34,bopeng,berminyak-bopeng
595,berminyak,25,bopeng,berminyak-bopeng
596,berminyak,34,bopeng,berminyak-bopeng
597,berminyak,36,bopeng,berminyak-bopeng
598,berminyak,35,bopeng,berminyak-bopeng
599,berminyak,50,bopeng,berminyak-bopeng
600,berminyak,38,bopeng,berminyak-bopeng
601,kering,25,jerawat,kering-jerawat
602,kering,18,jerawat,kering-jerawat
603,kering,27,jerawat,kering-jerawat
604,kering,16,jerawat,kering-jerawat
605,kering,48,jerawat,kering-jerawat
606,kering,36,jerawat,kering-jerawat
607,kering,23,jerawat,kering-jerawat
608,kering,43,jerawat,kering-jerawat
609,kering,31,jerawat,kering-jerawat
610,kering,21,jerawat,kering-jerawat
611,kering,33,jerawat,kering-jerawat
612,kering,48,jerawat,kering-jerawat
613,kering,31,jerawat,kering-jerawat
614,kering,48,jerawat,kering-jerawat
615,kering,26,jerawat,kering-jerawat
616,kering,41,jerawat,kering-jerawat
617,kering,28,jerawat,kering-jerawat
618,kering,39,jerawat,kering-jerawat
619,kering,13,jerawat,kering-jerawat
620,kering,40,jerawat,kering-jerawat
621,kering,18,jerawat,kering-jerawat
622,kering,48,jerawat,kering-jerawat
623,kering,19,jerawat,kering-jerawat
624,kering,32,jerawat,kering-jerawat
625,kering,36,jerawat,kering-jerawat
626,kering,31,jerawat,kering-jerawat
627,kering,41,jerawat,kering-jerawat
628,kering,22,jerawat,kering-jerawat
629,kering,50,jerawat,kering-jerawat
630,kering,27,jerawat,kering-jerawat
631,kering,26,jerawat,kering-jerawat
632,kering,49,jerawat,kering-jerawat
633,kering,35,jerawat,kering-jerawat
634,kering,43,jerawat,kering-jerawat
635,kering,15,jerawat,kering-jerawat
636,kering,36,jerawat,kering-jerawat
637,kering,24,jerawat,kering-jerawat
638,kering,50,jerawat,kering-jerawat
639,kering,47,jerawat,kering-jerawat
640,kering,49,jerawat,kering-jerawat
641,kering,22,jerawat,kering-jerawat
642,kering,28,jerawat,kering-jerawat
643,kering,18,jerawat,kering-jerawat
644,kering,24,jerawat,kering-jerawat
645,kering,32,jerawat,kering-jerawat
646,kering,30,jerawat,kering-jerawat
647,kering,50,jerawat,kering-jerawat
648,kering,29,jerawat,kering-jerawat
649,kering,43,jerawat,kering-jerawat
650,kering,48,jerawat,kering-jerawat
651,kering,33,jerawat,kering-jerawat
652,kering,24,jerawat,kering-jerawat
653,kering,37,jerawat,kering-jerawat
654,kering,42,jerawat,kering-jerawat
655,kering,31,jerawat,kering-jerawat
656,kering,16,jerawat,kering-jerawat
657,kering,47,jerawat,kering-jerawat
658,kering,21,jerawat,kering-jerawat
659,kering,15,jerawat,kering-jerawat
660,kering,19,jerawat,kering-jerawat
661,kering,14,jerawat,kering-jerawat
662,kering,41,jerawat,kering-jerawat
663,kering,37,jerawat,kering-jerawat
664,kering,22,jerawat,kering-jerawat
665,kering,49,jerawat,kering-jerawat
666,kering,38,jerawat,kering-jerawat
667,kering,23,jerawat,kering-jerawat
668,kering,25,jerawat,kering-jerawat
669,kering,29,jerawat,kering-jerawat
670,kering,24,jerawat,kering-jerawat
671,kering,17,jerawat,kering-jerawat
672,kering,49,jerawat,kering-jerawat
673,kering,49,jerawat,kering-jerawat
674,kering,39,jerawat,kering-jerawat
675,kering,15,jerawat,kering-jerawat
676,kering,24,jerawat,kering-jerawat
677,kering,45,jerawat,kering-jerawat
678,kering,44,jerawat,kering-jerawat
679,kering,13,jerawat,kering-jerawat
680,kering,27,jerawat,kering-jerawat
681,kering,49,jerawat,kering-jerawat
682,kering,47,jerawat,kering-jerawat
683,kering,45,jerawat,kering-jerawat
684,kering,33,jerawat,kering-jerawat
685,kering,43,jerawat,kering-jerawat
686,kering,21,jerawat,kering-jerawat
687,kering,15,jerawat,kering-jerawat
688,kering,44,jerawat,kering-jerawat
689,kering,24,jerawat,kering-jerawat
690,kering,46,jerawat,kering-jerawat
691,kering,18,jerawat,kering-jerawat
692,kering,40,jerawat,kering-jerawat
693,kering,27,jerawat,kering-jerawat
694,kering,25,jerawat,kering-jerawat
695,kering,39,jerawat,kering-jerawat
696,kering,28,jerawat,kering-jerawat
697,kering,24,jerawat,kering-jerawat
698,kering,50,jerawat,kering-jerawat
699,kering,38,jerawat,kering-jerawat
700,kering,32,jerawat,kering-jerawat
701,kering,50,komedo,kering-komedo
702,kering,16,komedo,kering-komedo
703,kering,40,komedo,kering-komedo
704,kering,45,komedo,kering-komedo
705,kering,35,komedo,kering-komedo
706,kering,24,komedo,kering-komedo
707,kering,37,komedo,kering-komedo
708,kering,23,komedo,kering-komedo
709,kering,20,komedo,kering-komedo
710,kering,38,komedo,kering-komedo
711,kering,16,komedo,kering-komedo
712,kering,49,komedo,kering-komedo
713,kering,40,komedo,kering-komedo
714,kering,21,komedo,kering-komedo
715,kering,18,komedo,kering-komedo
716,kering,39,komedo,kering-komedo
717,kering,16,komedo,kering-komedo
718,kering,22,komedo,kering-komedo
719,kering,45,komedo,kering-komedo
720,kering,15,komedo,kering-komedo
721,kering,42,komedo,kering-komedo
722,kering,28,komedo,kering-komedo
723,kering,18,komedo,kering-komedo
724,kering,21,komedo,kering-komedo
725,kering,21,komedo,kering-komedo
726,kering,16,komedo,kering-komedo
727,kering,13,komedo,kering-komedo
728,kering,46,komedo,kering-komedo
729,kering,29,komedo,kering-komedo
730,kering,19,komedo,kering-komedo
731,kering,16,komedo,kering-komedo
732,kering,38,komedo,kering-komedo
733,kering,13,komedo,kering-komedo
734,kering,31,komedo,kering-komedo
735,kering,21,komedo,kering-komedo
736,kering,22,komedo,kering-komedo
737,kering,36,komedo,kering-komedo
738,kering,23,komedo,kering-komedo
739,kering,50,komedo,kering-komedo
740,kering,41,komedo,kering-komedo
741,kering,18,komedo,kering-komedo
742,kering,24,komedo,kering-komedo
743,kering,32,komedo,kering-komedo
744,kering,23,komedo,kering-komedo
745,kering,21,komedo,kering-komedo
746,kering,20,komedo,kering-komedo
747,kering,14,komedo,kering-komedo
748,kering,45,komedo,kering-komedo
749,kering,18,komedo,kering-komedo
750,kering,28,komedo,kering-komedo
751,kering,24,komedo,kering-komedo
752,kering,47,komedo,kering-komedo
753,kering,26,komedo,kering-komedo
754,kering,42,komedo,kering-komedo
755,kering,48,komedo,kering-komedo
756,kering,41,komedo,kering-komedo
757,kering,43,komedo,kering-komedo
758,kering,26,komedo,kering-komedo
759,kering,31,komedo,kering-komedo
760,kering,19,komedo,kering-komedo
761,kering,30,komedo,kering-komedo
762,kering,16,komedo,kering-komedo
763,kering,44,komedo,kering-komedo
764,kering,41,komedo,kering-komedo
765,kering,19,komedo,kering-komedo
766,kering,32,komedo,kering-komedo
767,kering,24,komedo,kering-komedo
768,kering,20,komedo,kering-komedo
769,kering,19,komedo,kering-komedo
770,kering,13,komedo,kering-komedo
771,kering,35,komedo,kering-komedo
772,kering,44,komedo,kering-komedo
773,kering,18,komedo,kering-komedo
774,kering,25,komedo,kering-komedo
775,kering,31,komedo,kering-komedo
776,kering,20,komedo,kering-komedo
777,kering,39,komedo,kering-komedo
778,kering,41,komedo,kering-komedo
779,kering,22,komedo,kering-komedo
780,kering,31,komedo,kering-komedo
781,kering,32,komedo,kering-komedo
782,kering,48,komedo,kering-komedo
783,kering,32,komedo,kering-komedo
784,kering,46,komedo,kering-komedo
785,kering,50,komedo,kering-komedo
786,kering,17,komedo,kering-komedo
787,kering,33,komedo,kering-komedo
788,kering,22,komedo,kering-komedo
789,kering,46,komedo,kering-komedo
790,kering,17,komedo,kering-komedo
791,kering,24,komedo,kering-komedo
792,kering,38,komedo,kering-komedo
793,kering,22,komedo,kering-komedo
794,kering,41,komedo,kering-komedo
795,kering,43,komedo,kering-komedo
796,kering,36,komedo,kering-komedo
797,kering,16,komedo,kering-komedo
798,kering,47,komedo,kering-komedo
799,kering,35,komedo,kering-komedo
800,kering,23,komedo,kering-komedo
801,kering,20,bopeng,kering-bopeng
802,kering,20,bopeng,kering-bopeng
803,kering,37,bopeng,kering-bopeng
804,kering,20,bopeng,kering-bopeng
805,kering,43,bopeng,kering-bopeng
806,kering,45,bopeng,kering-bopeng
807,kering,39,bopeng,kering-bopeng
808,kering,47,bopeng,kering-bopeng
809,kering,33,bopeng,kering-bopeng
810,kering,31,bopeng,kering-bopeng
811,kering,33,bopeng,kering-bopeng
812,kering,38,bopeng,kering-bopeng
813,kering,36,bopeng,kering-bopeng
814,kering,49,bopeng,kering-bopeng
815,kering,34,bopeng,kering-bopeng
816,kering,30,bopeng,kering-bopeng
817,kering,27,bopeng,kering-bopeng
818,kering,15,bopeng,kering-bopeng
819,kering,46,bopeng,kering-bopeng
820,kering,14,bopeng,kering-bopeng
821,kering,41,bopeng,kering-bopeng
822,kering,41,bopeng,kering-bopeng
823,kering,16,bopeng,kering-bopeng
824,kering,42,bopeng,kering-bopeng
825,kering,19,bopeng,kering-bopeng
826,kering,44,bopeng,kering-bopeng
827,kering,19,bopeng,kering-bopeng
828,kering,39,bopeng,kering-bopeng
829,kering,16,bopeng,kering-bopeng
830,kering,45,bopeng,kering-bopeng
831,kering,33,bopeng,kering-bopeng
832,kering,13,bopeng,kering-bopeng
833,kering,19,bopeng,kering-bopeng
834,kering,40,bopeng,kering-bopeng
835,kering,26,bopeng,kering-bopeng
836,kering,48,bopeng,kering-bopeng
837,kering,23,bopeng,kering-bopeng
838,kering,31,bopeng,kering-bopeng
839,kering,18,bopeng,kering-bopeng
840,kering,33,bopeng,kering-bopeng
841,kering,46,bopeng,kering-bopeng
842,kering,21,bopeng,kering-bopeng
843,kering,49,bopeng,kering-bopeng
844,kering,32,bopeng,kering-bopeng
845,kering,15,bopeng,kering-bopeng
846,kering,18,bopeng,kering-bopeng
847,kering,19,bopeng,kering-bopeng
848,kering,25,bopeng,kering-bopeng
849,kering,19,bopeng,kering-bopeng
850,kering,36,bopeng,kering-bopeng
851,kering,46,bopeng,kering-bopeng
852,kering,26,bopeng,kering-bopeng
853,kering,17,bopeng,kering-bopeng
854,kering,43,bopeng,kering-bopeng
855,kering,30,bopeng,kering-bopeng
856,kering,15,bopeng,kering-bopeng
857,kering,19,bopeng,kering-bopeng
858,kering,43,bopeng,kering-bopeng
859,kering,20,bopeng,kering-bopeng
860,kering,15,bopeng,kering-bopeng
861,kering,13,bopeng,kering-bopeng
862,kering,27,bopeng,kering-bopeng
863,kering,45,bopeng,kering-bopeng
864,kering,30,bopeng,kering-bopeng
865,kering,44,bopeng,kering-bopeng
866,kering,16,bopeng,kering-bopeng
867,kering,37,bopeng,kering-bopeng
868,kering,49,bopeng,kering-bopeng
869,kering,14,bopeng,kering-bopeng
870,kering,48,bopeng,kering-bopeng
871,kering,19,bopeng,kering-bopeng
872,kering,16,bopeng,kering-bopeng
873,kering,13,bopeng,kering-bopeng
874,kering,31,bopeng,kering-bopeng
875,kering,24,bopeng,kering-bopeng
876,kering,33,bopeng,kering-bopeng
877,kering,23,bopeng,kering-bopeng
878,kering,25,bopeng,kering-bopeng
879,kering,35,bopeng,kering-bopeng
880,kering,27,bopeng,kering-bopeng
881,kering,30,bopeng,kering-bopeng
882,kering,13,bopeng,kering-bopeng
883,kering,38,bopeng,kering-bopeng
884,kering,26,bopeng,kering-bopeng
885,kering,39,bopeng,kering-bopeng
886,kering,16,bopeng,kering-bopeng
887,kering,34,bopeng,kering-bopeng
888,kering,50,bopeng,kering-bopeng
889,kering,48,bopeng,kering-bopeng
890,kering,21,bopeng,kering-bopeng
891,kering,27,bopeng,kering-bopeng
892,kering,32,bopeng,kering-bopeng
893,kering,30,bopeng,kering-bopeng
894,kering,33,bopeng,kering-bopeng
895,kering,42,bopeng,kering-bopeng
896,kering,13,bopeng,kering-bopeng
897,kering,22,bopeng,kering-bopeng
898,kering,13,bopeng,kering-bopeng
899,kering,13,bopeng,kering-bopeng
900,kering,28,bopeng,kering-bopeng
901,kombinasi,45,jerawat,kombinasi-jerawat
902,kombinasi,41,jerawat,kombinasi-jerawat
903,kombinasi,40,jerawat,kombinasi-jerawat
904,kombinasi,37,jerawat,kombinasi-jerawat
905,kombinasi,27,jerawat,kombinasi-jerawat
906,kombinasi,29,jerawat,kombinasi-jerawat
907,kombinasi,41,jerawat,kombinasi-jerawat
908,kombinasi,40,jerawat,kombinasi-jerawat
909,kombinasi,18,jerawat,kombinasi-jerawat
910,kombinasi,42,jerawat,kombinasi-jerawat
911,kombinasi,34,jerawat,kombinasi-jerawat
912,kombinasi,26,jerawat,kombinasi-jerawat
913,kombinasi,29,jerawat,kombinasi-jerawat
914,kombinasi,46,jerawat,kombinasi-jerawat
915,kombinasi,17,jerawat,kombinasi-jerawat
916,kombinasi,20,jerawat,kombinasi-jerawat
917,kombinasi,35,jerawat,kombinasi-jerawat
918,kombinasi,16,jerawat,kombinasi-jerawat
919,kombinasi,14,jerawat,kombinasi-jerawat
920,kombinasi,37,jerawat,kombinasi-jerawat
921,kombinasi,28,jerawat,kombinasi-jerawat
922,kombinasi,20,jerawat,kombinasi-jerawat
923,kombinasi,38,jerawat,kombinasi-jerawat
924,kombinasi,17,jerawat,kombinasi-jerawat
925,kombinasi,19,jerawat,kombinasi-jerawat
926,kombinasi,22,jerawat,kombinasi-jerawat
927,kombinasi,13,jerawat,kombinasi-jerawat
928,kombinasi,38,jerawat,kombinasi-jerawat
929,kombinasi,21,jerawat,kombinasi-jerawat
930,kombinasi,22,jerawat,kombinasi-jerawat
931,kombinasi,37,jerawat,kombinasi-jerawat
932,kombinasi,34,jerawat,kombinasi-jerawat
933,kombinasi,48,jerawat,kombinasi-jerawat
934,kombinasi,22,jerawat,kombinasi-jerawat
935,kombinasi,48,jerawat,kombinasi-jerawat
936,kombinasi,42,jerawat,kombinasi-jerawat
937,kombinasi,38,jerawat,kombinasi-jerawat
938,kombinasi,14,jerawat,kombinasi-jerawat
939,kombinasi,49,jerawat,kombinasi-jerawat
940,kombinasi,30,jerawat,kombinasi-jerawat
941,kombinasi,18,jerawat,kombinasi-jerawat
942,kombinasi,25,jerawat,kombinasi-jerawat
943,kombinasi,47,jerawat,kombinasi-jerawat
944,kombinasi,35,jerawat,kombinasi-jerawat
945,kombinasi,23,jerawat,kombinasi-jerawat
946,kombinasi,43,jerawat,kombinasi-jerawat
947,kombinasi,36,jerawat,kombinasi-jerawat
948,kombinasi,31,jerawat,kombinasi-jerawat
949,kombinasi,23,jerawat,kombinasi-jerawat
950,kombinasi,34,jerawat,kombinasi-jerawat
951,kombinasi,23,jerawat,kombinasi-jerawat
952,kombinasi,43,jerawat,kombinasi-jerawat
953,kombinasi,37,jerawat,kombinasi-jerawat
954,kombinasi,19,jerawat,kombinasi-jerawat
955,kombinasi,17,jerawat,kombinasi-jerawat
956,kombinasi,50,jerawat,kombinasi-jerawat
957,kombinasi,37,jerawat,kombinasi-jerawat
958,kombinasi,18,jerawat,kombinasi-jerawat
959,kombinasi,33,jerawat,kombinasi-jerawat
960,kombinasi,25,jerawat,kombinasi-jerawat
961,kombinasi,39,jerawat,kombinasi-jerawat
962,kombinasi,35,jerawat,kombinasi-jerawat
963,kombinasi,47,jerawat,kombinasi-jerawat
964,kombinasi,42,jerawat,kombinasi-jerawat
965,kombinasi,31,jerawat,kombinasi-jerawat
966,kombinasi,43,jerawat,kombinasi-jerawat
967,kombinasi,13,jerawat,kombinasi-jerawat
968,kombinasi,24,jerawat,kombinasi-jerawat
969,kombinasi,22,jerawat,kombinasi-jerawat
970,kombinasi,30,jerawat,kombinasi-jerawat
971,kombinasi,17,jerawat,kombinasi-jerawat
972,kombinasi,49,jerawat,kombinasi-jerawat
973,kombinasi,35,jerawat,kombinasi-jerawat
974,kombinasi,47,jerawat,kombinasi-jerawat
975,kombinasi,48,jerawat,kombinasi-jerawat
976,kombinasi,48,jerawat,kombinasi-jerawat
977,kombinasi,31,jerawat,kombinasi-jerawat
978,kombinasi,46,jerawat,kombinasi-jerawat
979,kombinasi,17,jerawat,kombinasi-jerawat
980,kombinasi,45,jerawat,kombinasi-jerawat
981,kombinasi,38,jerawat,kombinasi-jerawat
982,kombinasi,25,jerawat,kombinasi-jerawat
983,kombinasi,40,jerawat,kombinasi-jerawat
984,kombinasi,21,jerawat,kombinasi-jerawat
985,kombinasi,39,jerawat,kombinasi-jerawat
986,kombinasi,46,jerawat,kombinasi-jerawat
987,kombinasi,39,jerawat,kombinasi-jerawat
988,kombinasi,16,jerawat,kombinasi-jerawat
989,kombinasi,19,jerawat,kombinasi-jerawat
990,kombinasi,41,jerawat,kombinasi-jerawat
991,kombinasi,14,jerawat,kombinasi-jerawat
992,kombinasi,27,jerawat,kombinasi-jerawat
993,kombinasi,42,jerawat,kombinasi-jerawat
994,kombinasi,21,jerawat,kombinasi-jerawat
995,kombinasi,47,jerawat,kombinasi-jerawat
996,kombinasi,40,jerawat,kombinasi-jerawat
997,kombinasi,30,jerawat,kombinasi-jerawat
998,kombinasi,22,jerawat,kombinasi-jerawat
999,kombinasi,17,jerawat,kombinasi-jerawat
1000,kombinasi,17,jerawat,kombinasi-jerawat
1001,kombinasi,39,komedo,kombinasi-komedo
1002,kombinasi,36,komedo,kombinasi-komedo
1003,kombinasi,32,komedo,kombinasi-komedo
1004,kombinasi,44,komedo,kombinasi-komedo
1005,kombinasi,20,komedo,kombinasi-komedo
1006,kombinasi,31,komedo,kombinasi-komedo
1007,kombinasi,30,komedo,kombinasi-komedo
1008,kombinasi,14,komedo,kombinasi-komedo
1009,kombinasi,21,komedo,kombinasi-komedo
1010,kombinasi,44,komedo,kombinasi-komedo
1011,kombinasi,27,komedo,kombinasi-komedo
1012,kombinasi,49,komedo,kombinasi-komedo
1013,kombinasi,28,komedo,kombinasi-komedo
1014,kombinasi,30,komedo,kombinasi-komedo
1015,kombinasi,36,komedo,kombinasi-komedo
1016,kombinasi,22,komedo,kombinasi-komedo
1017,kombinasi,48,komedo,kombinasi-komedo
1018,kombinasi,39,komedo,kombinasi-komedo
1019,kombinasi,30,komedo,kombinasi-komedo
1020,kombinasi,36,komedo,kombinasi-komedo
1021,kombinasi,45,komedo,kombinasi-komedo
1022,kombinasi,47,komedo,kombinasi-komedo
1023,kombinasi,21,komedo,kombinasi-komedo
1024,kombinasi,37,komedo,kombinasi-komedo
1025,kombinasi,34,komedo,kombinasi-komedo
1026,kombinasi,27,komedo,kombinasi-komedo
1027,kombinasi,26,komedo,kombinasi-komedo
1028,kombinasi,15,komedo,kombinasi-komedo
1029,kombinasi,29,komedo,kombinasi-komedo
1030,kombinasi,40,komedo,kombinasi-komedo
1031,kombinasi,44,komedo,kombinasi-komedo
1032,kombinasi,29,komedo,kombinasi-komedo
1033,kombinasi,42,komedo,kombinasi-komedo
1034,kombinasi,20,komedo,kombinasi-komedo
1035,kombinasi,19,komedo,kombinasi-komedo
1036,kombinasi,48,komedo,kombinasi-komedo
1037,kombinasi,45,komedo,kombinasi-komedo
1038,kombinasi,49,komedo,kombinasi-komedo
1039,kombinasi,44,komedo,kombinasi-komedo
1040,kombinasi,46,komedo,kombinasi-komedo
1041,kombinasi,13,komedo,kombinasi-komedo
1042,kombinasi,15,komedo,kombinasi-komedo
1043,kombinasi,30,komedo,kombinasi-komedo
1044,kombinasi,38,komedo,kombinasi-komedo
1045,kombinasi,34,komedo,kombinasi-komedo
1046,kombinasi,36,komedo,kombinasi-komedo
1047,kombinasi,50,komedo,kombinasi-komedo
1048,kombinasi,35,komedo,kombinasi-komedo
1049,kombinasi,31,komedo,kombinasi-komedo
1050,kombinasi,17,komedo,kombinasi-komedo
1051,kombinasi,38,komedo,kombinasi-komedo
1052,kombinasi,25,komedo,kombinasi-komedo
1053,kombinasi,15,komedo,kombinasi-komedo
1054,kombinasi,30,komedo,kombinasi-komedo
1055,kombinasi,35,komedo,kombinasi-komedo
1056,kombinasi,29,komedo,kombinasi-komedo
1057,kombinasi,40,komedo,kombinasi-komedo
1058,kombinasi,15,komedo,kombinasi-komedo
1059,kombinasi,47,komedo,kombinasi-komedo
1060,kombinasi,18,komedo,kombinasi-komedo
1061,kombinasi,46,komedo,kombinasi-komedo
1062,kombinasi,32,komedo,kombinasi-komedo
1063,kombinasi,34,komedo,kombinasi-komedo
1064,kombinasi,21,komedo,kombinasi-komedo
1065,kombinasi,32,komedo,kombinasi-komedo
1066,kombinasi,39,komedo,kombinasi-komedo
1067,kombinasi,47,komedo,kombinasi-komedo
1068,kombinasi,27,komedo,kombinasi-komedo
1069,kombinasi,36,komedo,kombinasi-komedo
1070,kombinasi,35,komedo,kombinasi-komedo
1071,kombinasi,23,komedo,kombinasi-komedo
1072,kombinasi,32,komedo,kombinasi-komedo
1073,kombinasi,37,komedo,kombinasi-komedo
1074,kombinasi,21,komedo,kombinasi-komedo
1075,kombinasi,33,komedo,kombinasi-komedo
1076,kombinasi,22,komedo,kombinasi-komedo
1077,kombinasi,29,komedo,kombinasi-komedo
1078,kombinasi,34,komedo,kombinasi-komedo
1079,kombinasi,37,komedo,kombinasi-komedo
1080,kombinasi,27,komedo,kombinasi-komedo
1081,kombinasi,18,komedo,kombinasi-komedo
1082,kombinasi,31,komedo,kombinasi-komedo
1083,kombinasi,38,komedo,kombinasi-komedo
1084,kombinasi,27,komedo,kombinasi-komedo
1085,kombinasi,20,komedo,kombinasi-komedo
1086,kombinasi,17,komedo,kombinasi-komedo
1087,kombinasi,35,komedo,kombinasi-komedo
1088,kombinasi,50,komedo,kombinasi-komedo
1089,kombinasi,46,komedo,kombinasi-komedo
1090,kombinasi,19,komedo,kombinasi-komedo
1091,kombinasi,23,komedo,kombinasi-komedo
1092,kombinasi,49,komedo,kombinasi-komedo
1093,kombinasi,37,komedo,kombinasi-komedo
1094,kombinasi,28,komedo,kombinasi-komedo
1095,kombinasi,31,komedo,kombinasi-komedo
1096,kombinasi,45,komedo,kombinasi-komedo
1097,kombinasi,34,komedo,kombinasi-komedo
1098,kombinasi,43,komedo,kombinasi-komedo
1099,kombinasi,28,komedo,kombinasi-komedo
1100,kombinasi,14,komedo,kombinasi-komedo
1101,kombinasi,17,komedo,kombinasi-komedo
1102,kombinasi,26,bopeng,kombinasi-bopeng
1103,kombinasi,35,bopeng,kombinasi-bopeng
1104,kombinasi,50,bopeng,kombinasi-bopeng
1105,kombinasi,33,bopeng,kombinasi-bopeng
1106,kombinasi,42,bopeng,kombinasi-bopeng
1107,kombinasi,46,bopeng,kombinasi-bopeng
1108,kombinasi,24,bopeng,kombinasi-bopeng
1109,kombinasi,35,bopeng,kombinasi-bopeng
1110,kombinasi,20,bopeng,kombinasi-bopeng
1111,kombinasi,43,bopeng,kombinasi-bopeng
1112,kombinasi,33,bopeng,kombinasi-bopeng
1113,kombinasi,18,bopeng,kombinasi-bopeng
1114,kombinasi,13,bopeng,kombinasi-bopeng
1115,kombinasi,29,bopeng,kombinasi-bopeng
1116,kombinasi,19,bopeng,kombinasi-bopeng
1117,kombinasi,29,bopeng,kombinasi-bopeng
1118,kombinasi,38,bopeng,kombinasi-bopeng
1119,kombinasi,36,bopeng,kombinasi-bopeng
1120,kombinasi,13,bopeng,kombinasi-bopeng
1121,kombinasi,29,bopeng,kombinasi-bopeng
1122,kombinasi,44,bopeng,kombinasi-bopeng
1123,kombinasi,18,bopeng,kombinasi-bopeng
1124,kombinasi,34,bopeng,kombinasi-bopeng
1125,kombinasi,38,bopeng,kombinasi-bopeng
1126,kombinasi,18,bopeng,kombinasi-bopeng
1127,kombinasi,30,bopeng,kombinasi-bopeng
1128,kombinasi,17,bopeng,kombinasi-bopeng
1129,kombinasi,48,bopeng,kombinasi-bopeng
1130,kombinasi,16,bopeng,kombinasi-bopeng
1131,kombinasi,43,bopeng,kombinasi-bopeng
1132,kombinasi,13,bopeng,kombinasi-bopeng
1133,kombinasi,48,bopeng,kombinasi-bopeng
1134,kombinasi,48,bopeng,kombinasi-bopeng
1135,kombinasi,13,bopeng,kombinasi-bopeng
1136,kombinasi,36,bopeng,kombinasi-bopeng
1137,kombinasi,48,bopeng,kombinasi-bopeng
1138,kombinasi,17,bopeng,kombinasi-bopeng
1139,kombinasi,22,bopeng,kombinasi-bopeng
1140,kombinasi,29,bopeng,kombinasi-bopeng
1141,kombinasi,24,bopeng,kombinasi-bopeng
1142,kombinasi,31,bopeng,kombinasi-bopeng
1143,kombinasi,38,bopeng,kombinasi-bopeng
1144,kombinasi,20,bopeng,kombinasi-bopeng
1145,kombinasi,36,bopeng,kombinasi-bopeng
1146,kombinasi,17,bopeng,kombinasi-bopeng
1147,kombinasi,44,bopeng,kombinasi-bopeng
1148,kombinasi,39,bopeng,kombinasi-bopeng
1149,kombinasi,50,bopeng,kombinasi-bopeng
1150,kombinasi,29,bopeng,kombinasi-bopeng
1151,kombinasi,38,bopeng,kombinasi-bopeng
1152,kombinasi,36,bopeng,kombinasi-bopeng
1153,kombinasi,40,bopeng,kombinasi-bopeng
1154,kombinasi,47,bopeng,kombinasi-bopeng
1155,kombinasi,45,bopeng,kombinasi-bopeng
1156,kombinasi,30,bopeng,kombinasi-bopeng
1157,kombinasi,49,bopeng,kombinasi-bopeng
1158,kombinasi,14,bopeng,kombinasi-bopeng
1159,kombinasi,31,bopeng,kombinasi-bopeng
1160,kombinasi,24,bopeng,kombinasi-bopeng
1161,kombinasi,40,bopeng,kombinasi-bopeng
1162,kombinasi,48,bopeng,kombinasi-bopeng
1163,kombinasi,23,bopeng,kombinasi-bopeng
1164,kombinasi,29,bopeng,kombinasi-bopeng
1165,kombinasi,31,bopeng,kombinasi-bopeng
1166,kombinasi,38,bopeng,kombinasi-bopeng
1167,kombinasi,21,bopeng,kombinasi-bopeng
1168,kombinasi,37,bopeng,kombinasi-bopeng
1169,kombinasi,43,bopeng,kombinasi-bopeng
1170,kombinasi,36,bopeng,kombinasi-bopeng
1171,kombinasi,20,bopeng,kombinasi-bopeng
1172,kombinasi,32,bopeng,kombinasi-bopeng
1173,kombinasi,18,bopeng,kombinasi-bopeng
1174,kombinasi,48,bopeng,kombinasi-bopeng
1175,kombinasi,24,bopeng,kombinasi-bopeng
1176,kombinasi,38,bopeng,kombinasi-bopeng
1177,kombinasi,14,bopeng,kombinasi-bopeng
1178,kombinasi,44,bopeng,kombinasi-bopeng
1179,kombinasi,48,bopeng,kombinasi-bopeng
1180,kombinasi,44,bopeng,kombinasi-bopeng
1181,kombinasi,32,bopeng,kombinasi-bopeng
1182,kombinasi,44,bopeng,kombinasi-bopeng
1183,kombinasi,13,bopeng,kombinasi-bopeng
1184,kombinasi,30,bopeng,kombinasi-bopeng
1185,kombinasi,25,bopeng,kombinasi-bopeng
1186,kombinasi,47,bopeng,kombinasi-bopeng
1187,kombinasi,39,bopeng,kombinasi-bopeng
1188,kombinasi,32,bopeng,kombinasi-bopeng
1189,kombinasi,44,bopeng,kombinasi-bopeng
1190,kombinasi,18,bopeng,kombinasi-bopeng
1191,kombinasi,17,bopeng,kombinasi-bopeng
1192,kombinasi,40,bopeng,kombinasi-bopeng
1193,kombinasi,27,bopeng,kombinasi-bopeng
1194,kombinasi,31,bopeng,kombinasi-bopeng
1195,kombinasi,17,bopeng,kombinasi-bopeng
1196,kombinasi,40,bopeng,kombinasi-bopeng
1197,kombinasi,16,bopeng,kombinasi-bopeng
1198,kombinasi,46,bopeng,kombinasi-bopeng
1199,kombinasi,43,bopeng,kombinasi-bopeng
1200,kombinasi,38,bopeng,kombinasi-bopeng
1201,kombinasi,38,bopeng,kombinasi-bopeng
1202,sensitif,19,jerawat,sensitif-jerawat
1203,sensitif,50,jerawat,sensitif-jerawat
1204,sensitif,18,jerawat,sensitif-jerawat
1205,sensitif,42,jerawat,sensitif-jerawat
1206,sensitif,18,jerawat,sensitif-jerawat
1207,sensitif,49,jerawat,sensitif-jerawat
1208,sensitif,28,jerawat,sensitif-jerawat
1209,sensitif,45,jerawat,sensitif-jerawat
1210,sensitif,38,jerawat,sensitif-jerawat
1211,sensitif,32,jerawat,sensitif-jerawat
1212,sensitif,22,jerawat,sensitif-jerawat
1213,sensitif,42,jerawat,sensitif-jerawat
1214,sensitif,28,jerawat,sensitif-jerawat
1215,sensitif,21,jerawat,sensitif-jerawat
1216,sensitif,13,jerawat,sensitif-jerawat
1217,sensitif,32,jerawat,sensitif-jerawat
1218,sensitif,15,jerawat,sensitif-jerawat
1219,sensitif,21,jerawat,sensitif-jerawat
1220,sensitif,47,jerawat,sensitif-jerawat
1221,sensitif,24,jerawat,sensitif-jerawat
1222,sensitif,26,jerawat,sensitif-jerawat
1223,sensitif,24,jerawat,sensitif-jerawat
1224,sensitif,24,jerawat,sensitif-jerawat
1225,sensitif,13,jerawat,sensitif-jerawat
1226,sensitif,24,jerawat,sensitif-jerawat
1227,sensitif,44,jerawat,sensitif-jerawat
1228,sensitif,40,jerawat,sensitif-jerawat
1229,sensitif,18,jerawat,sensitif-jerawat
1230,sensitif,24,jerawat,sensitif-jerawat
1231,sensitif,45,jerawat,sensitif-jerawat
1232,sensitif,49,jerawat,sensitif-jerawat
1233,sensitif,45,jerawat,sensitif-jerawat
1234,sensitif,45,jerawat,sensitif-jerawat
1235,sensitif,38,jerawat,sensitif-jerawat
1236,sensitif,18,jerawat,sensitif-jerawat
1237,sensitif,14,jerawat,sensitif-jerawat
1238,sensitif,39,jerawat,sensitif-jerawat
1239,sensitif,26,jerawat,sensitif-jerawat
1240,sensitif,26,jerawat,sensitif-jerawat
1241,sensitif,40,jerawat,sensitif-jerawat
1242,sensitif,32,jerawat,sensitif-jerawat
1243,sensitif,49,jerawat,sensitif-jerawat
1244,sensitif,23,jerawat,sensitif-jerawat
1245,sensitif,30,jerawat,sensitif-jerawat
1246,sensitif,47,jerawat,sensitif-jerawat
1247,sensitif,25,jerawat,sensitif-jerawat
1248,sensitif,23,jerawat,sensitif-jerawat
1249,sensitif,21,jerawat,sensitif-jerawat
1250,sensitif,34,jerawat,sensitif-jerawat
1251,sensitif,47,jerawat,sensitif-jerawat
1252,sensitif,27,jerawat,sensitif-jerawat
1253,sensitif,49,jerawat,sensitif-jerawat
1254,sensitif,48,jerawat,sensitif-jerawat
1255,sensitif,31,jerawat,sensitif-jerawat
1256,sensitif,36,jerawat,sensitif-jerawat
1257,sensitif,13,jerawat,sensitif-jerawat
1258,sensitif,42,jerawat,sensitif-jerawat
1259,sensitif,40,jerawat,sensitif-jerawat
1260,sensitif,32,jerawat,sensitif-jerawat
1261,sensitif,42,jerawat,sensitif-jerawat
1262,sensitif,15,jerawat,sensitif-jerawat
1263,sensitif,42,jerawat,sensitif-jerawat
1264,sensitif,33,jerawat,sensitif-jerawat
1265,sensitif,45,jerawat,sensitif-jerawat
1266,sensitif,47,jerawat,sensitif-jerawat
1267,sensitif,18,jerawat,sensitif-jerawat
1268,sensitif,35,jerawat,sensitif-jerawat
1269,sensitif,29,jerawat,sensitif-jerawat
1270,sensitif,20,jerawat,sensitif-jerawat
1271,sensitif,30,jerawat,sensitif-jerawat
1272,sensitif,32,jerawat,sensitif-jerawat
1273,sensitif,34,jerawat,sensitif-jerawat
1274,sensitif,13,jerawat,sensitif-jerawat
1275,sensitif,25,jerawat,sensitif-jerawat
1276,sensitif,16,jerawat,sensitif-jerawat
1277,sensitif,32,jerawat,sensitif-jerawat
1278,sensitif,42,jerawat,sensitif-jerawat
1279,sensitif,28,jerawat,sensitif-jerawat
1280,sensitif,38,jerawat,sensitif-jerawat
1281,sensitif,50,jerawat,sensitif-jerawat
1282,sensitif,20,jerawat,sensitif-jerawat
1283,sensitif,15,jerawat,sensitif-jerawat
1284,sensitif,45,jerawat,sensitif-jerawat
1285,sensitif,42,jerawat,sensitif-jerawat
1286,sensitif,20,jerawat,sensitif-jerawat
1287,sensitif,45,jerawat,sensitif-jerawat
1288,sensitif,14,jerawat,sensitif-jerawat
1289,sensitif,13,jerawat,sensitif-jerawat
1290,sensitif,15,jerawat,sensitif-jerawat
1291,sensitif,30,jerawat,sensitif-jerawat
1292,sensitif,15,jerawat,sensitif-jerawat
1293,sensitif,32,jerawat,sensitif-jerawat
1294,sensitif,37,jerawat,sensitif-jerawat
1295,sensitif,32,jerawat,sensitif-jerawat
1296,sensitif,37,jerawat,sensitif-jerawat
1297,sensitif,18,jerawat,sensitif-jerawat
1298,sensitif,46,jerawat,sensitif-jerawat
1299,sensitif,46,jerawat,sensitif-jerawat
1300,sensitif,48,jerawat,sensitif-jerawat
1301,sensitif,34,komedo,sensitif-komedo
1302,sensitif,39,komedo,sensitif-komedo
1303,sensitif,25,komedo,sensitif-komedo
1304,sensitif,38,komedo,sensitif-komedo
1305,sensitif,18,komedo,sensitif-komedo
1306,sensitif,49,komedo,sensitif-komedo
1307,sensitif,40,komedo,sensitif-komedo
1308,sensitif,22,komedo,sensitif-komedo
1309,sensitif,27,komedo,sensitif-komedo
1310,sensitif,44,komedo,sensitif-komedo
1311,sensitif,25,komedo,sensitif-komedo
1312,sensitif,13,komedo,sensitif-komedo
1313,sensitif,28,komedo,sensitif-komedo
1314,sensitif,19,komedo,sensitif-komedo
1315,sensitif,50,komedo,sensitif-komedo
1316,sensitif,19,komedo,sensitif-komedo
1317,sensitif,30,komedo,sensitif-komedo
1318,sensitif,35,komedo,sensitif-komedo
1319,sensitif,47,komedo,sensitif-komedo
1320,sensitif,16,komedo,sensitif-komedo
1321,sensitif,45,komedo,sensitif-komedo
1322,sensitif,27,komedo,sensitif-komedo
1323,sensitif,18,komedo,sensitif-komedo
1324,sensitif,27,komedo,sensitif-komedo
1325,sensitif,29,komedo,sensitif-komedo
1326,sensitif,15,komedo,sensitif-komedo
1327,sensitif,41,komedo,sensitif-komedo
1328,sensitif,36,komedo,sensitif-komedo
1329,sensitif,13,komedo,sensitif-komedo
1330,sensitif,19,komedo,sensitif-komedo
1331,sensitif,36,komedo,sensitif-komedo
1332,sensitif,27,komedo,sensitif-komedo
1333,sensitif,14,komedo,sensitif-komedo
1334,sensitif,24,komedo,sensitif-komedo
1335,sensitif,25,komedo,sensitif-komedo
1336,sensitif,35,komedo,sensitif-komedo
1337,sensitif,45,komedo,sensitif-komedo
1338,sensitif,20,komedo,sensitif-komedo
1339,sensitif,42,komedo,sensitif-komedo
1340,sensitif,25,komedo,sensitif-komedo
1341,sensitif,43,komedo,sensitif-komedo
1342,sensitif,13,komedo,sensitif-komedo
1343,sensitif,36,komedo,sensitif-komedo
1344,sensitif,16,komedo,sensitif-komedo
1345,sensitif,33,komedo,sensitif-komedo
1346,sensitif,20,komedo,sensitif-komedo
1347,sensitif,25,komedo,sensitif-komedo
1348,sensitif,15,komedo,sensitif-komedo
1349,sensitif,45,komedo,sensitif-komedo
1350,sensitif,44,komedo,sensitif-komedo
1351,sensitif,23,komedo,sensitif-komedo
1352,sensitif,24,komedo,sensitif-komedo
1353,sensitif,21,komedo,sensitif-komedo
1354,sensitif,19,komedo,sensitif-komedo
1355,sensitif,30,komedo,sensitif-komedo
1356,sensitif,47,komedo,sensitif-komedo
1357,sensitif,26,komedo,sensitif-komedo
1358,sensitif,36,komedo,sensitif-komedo
1359,sensitif,40,komedo,sensitif-komedo
1360,sensitif,42,komedo,sensitif-komedo
1361,sensitif,42,komedo,sensitif-komedo
1362,sensitif,35,komedo,sensitif-komedo
1363,sensitif,26,komedo,sensitif-komedo
1364,sensitif,33,komedo,sensitif-komedo
1365,sensitif,36,komedo,sensitif-komedo
1366,sensitif,13,komedo,sensitif-komedo
1367,sensitif,36,komedo,sensitif-komedo
1368,sensitif,21,komedo,sensitif-komedo
1369,sensitif,39,komedo,sensitif-komedo
1370,sensitif,32,komedo,sensitif-komedo
1371,sensitif,35,komedo,sensitif-komedo
1372,sensitif,50,komedo,sensitif-komedo
1373,sensitif,36,komedo,sensitif-komedo
1374,sensitif,45,komedo,sensitif-komedo
1375,sensitif,42,komedo,sensitif-komedo
1376,sensitif,17,komedo,sensitif-komedo
1377,sensitif,46,komedo,sensitif-komedo
1378,sensitif,41,komedo,sensitif-komedo
1379,sensitif,41,komedo,sensitif-komedo
1380,sensitif,32,komedo,sensitif-komedo
1381,sensitif,38,komedo,sensitif-komedo
1382,sensitif,29,komedo,sensitif-komedo
1383,sensitif,40,komedo,sensitif-komedo
1384,sensitif,49,komedo,sensitif-komedo
1385,sensitif,50,komedo,sensitif-komedo
1386,sensitif,45,komedo,sensitif-komedo
1387,sensitif,18,komedo,sensitif-komedo
1388,sensitif,14,komedo,sensitif-komedo
1389,sensitif,30,komedo,sensitif-komedo
1390,sensitif,33,komedo,sensitif-komedo
1391,sensitif,46,komedo,sensitif-komedo
1392,sensitif,40,komedo,sensitif-komedo
1393,sensitif,24,komedo,sensitif-komedo
1394,sensitif,30,komedo,sensitif-komedo
1395,sensitif,36,komedo,sensitif-komedo
1396,sensitif,27,komedo,sensitif-komedo
1397,sensitif,31,komedo,sensitif-komedo
1398,sensitif,41,komedo,sensitif-komedo
1399,sensitif,39,komedo,sensitif-komedo
1400,sensitif,23,komedo,sensitif-komedo
1401,sensitif,32,bopeng,sensitif-bopeng
1402,sensitif,49,bopeng,sensitif-bopeng
1403,sensitif,41,bopeng,sensitif-bopeng
1404,sensitif,16,bopeng,sensitif-bopeng
1405,sensitif,50,bopeng,sensitif-bopeng
1406,sensitif,35,bopeng,sensitif-bopeng
1407,sensitif,45,bopeng,sensitif-bopeng
1408,sensitif,40,bopeng,sensitif-bopeng
1409,sensitif,22,bopeng,sensitif-bopeng
1410,sensitif,40,bopeng,sensitif-bopeng
1411,sensitif,45,bopeng,sensitif-bopeng
1412,sensitif,21,bopeng,sensitif-bopeng
1413,sensitif,31,bopeng,sensitif-bopeng
1414,sensitif,28,bopeng,sensitif-bopeng
1415,sensitif,33,bopeng,sensitif-bopeng
1416,sensitif,28,bopeng,sensitif-bopeng
1417,sensitif,25,bopeng,sensitif-bopeng
1418,sensitif,41,bopeng,sensitif-bopeng
1419,sensitif,41,bopeng,sensitif-bopeng
1420,sensitif,14,bopeng,sensitif-bopeng
1421,sensitif,50,bopeng,sensitif-bopeng
1422,sensitif,16,bopeng,sensitif-bopeng
1423,sensitif,20,bopeng,sensitif-bopeng
1424,sensitif,44,bopeng,sensitif-bopeng
1425,sensitif,35,bopeng,sensitif-bopeng
1426,sensitif,41,bopeng,sensitif-bopeng
1427,sensitif,15,bopeng,sensitif-bopeng
1428,sensitif,26,bopeng,sensitif-bopeng
1429,sensitif,48,bopeng,sensitif-bopeng
1430,sensitif,46,bopeng,sensitif-bopeng
1431,sensitif,29,bopeng,sensitif-bopeng
1432,sensitif,16,bopeng,sensitif-bopeng
1433,sensitif,32,bopeng,sensitif-bopeng
1434,sensitif,25,bopeng,sensitif-bopeng
1435,sensitif,38,bopeng,sensitif-bopeng
1436,sensitif,24,bopeng,sensitif-bopeng
1437,sensitif,42,bopeng,sensitif-bopeng
1438,sensitif,14,bopeng,sensitif-bopeng
1439,sensitif,13,bopeng,sensitif-bopeng
1440,sensitif,48,bopeng,sensitif-bopeng
1441,sensitif,25,bopeng,sensitif-bopeng
1442,sensitif,23,bopeng,sensitif-bopeng
1443,sensitif,22,bopeng,sensitif-bopeng
1444,sensitif,31,bopeng,sensitif-bopeng
1445,sensitif,13,bopeng,sensitif-bopeng
1446,sensitif,24,bopeng,sensitif-bopeng
1447,sensitif,49,bopeng,sensitif-bopeng
1448,sensitif,31,bopeng,sensitif-bopeng
1449,sensitif,38,bopeng,sensitif-bopeng
1450,sensitif,17,bopeng,sensitif-bopeng
1451,sensitif,31,bopeng,sensitif-bopeng
1452,sensitif,14,bopeng,sensitif-bopeng
1453,sensitif,27,bopeng,sensitif-bopeng
1454,sensitif,45,bopeng,sensitif-bopeng
1455,sensitif,26,bopeng,sensitif-bopeng
1456,sensitif,50,bopeng,sensitif-bopeng
1457,sensitif,42,bopeng,sensitif-bopeng
1458,sensitif,29,bopeng,sensitif-bopeng
1459,sensitif,20,bopeng,sensitif-bopeng
1460,sensitif,41,bopeng,sensitif-bopeng
1461,sensitif,17,bopeng,sensitif-bopeng
1462,sensitif,37,bopeng,sensitif-bopeng
1463,sensitif,21,bopeng,sensitif-bopeng
1464,sensitif,37,bopeng,sensitif-bopeng
1465,sensitif,50,bopeng,sensitif-bopeng
1466,sensitif,13,bopeng,sensitif-bopeng
1467,sensitif,21,bopeng,sensitif-bopeng
1468,sensitif,35,bopeng,sensitif-bopeng
1469,sensitif,22,bopeng,sensitif-bopeng
1470,sensitif,29,bopeng,sensitif-bopeng
1471,sensitif,37,bopeng,sensitif-bopeng
1472,sensitif,40,bopeng,sensitif-bopeng
1473,sensitif,15,bopeng,sensitif-bopeng
1474,sensitif,41,bopeng,sensitif-bopeng
1475,sensitif,13,bopeng,sensitif-bopeng
1476,sensitif,16,bopeng,sensitif-bopeng
1477,sensitif,28,bopeng,sensitif-bopeng
1478,sensitif,25,bopeng,sensitif-bopeng
1479,sensitif,17,bopeng,sensitif-bopeng
1480,sensitif,16,bopeng,sensitif-bopeng
1481,sensitif,22,bopeng,sensitif-bopeng
1482,sensitif,37,bopeng,sensitif-bopeng
1483,sensitif,32,bopeng,sensitif-bopeng
1484,sensitif,29,bopeng,sensitif-bopeng
1485,sensitif,29,bopeng,sensitif-bopeng
1486,sensitif,21,bopeng,sensitif-bopeng
1487,sensitif,32,bopeng,sensitif-bopeng
1488,sensitif,35,bopeng,sensitif-bopeng
1489,sensitif,26,bopeng,sensitif-bopeng
1490,sensitif,28,bopeng,sensitif-bopeng
1491,sensitif,25,bopeng,sensitif-bopeng
1492,sensitif,30,bopeng,sensitif-bopeng
1493,sensitif,21,bopeng,sensitif-bopeng
1494,sensitif,19,bopeng,sensitif-bopeng
1495,sensitif,27,bopeng,sensitif-bopeng
1496,sensitif,43,bopeng,sensitif-bopeng
1497,sensitif,29,bopeng,sensitif-bopeng
1498,sensitif,44,bopeng,sensitif-bopeng
1499,sensitif,31,bopeng,sensitif-bopeng
1500,sensitif,28,bopeng,sensitif-bopeng